id,part_row,my_answer,computation_or_rationale
far-bond-chk1,,d,"288,000 carrying x 6% market = 17,280 (EI uses market rate on carrying amount); cash 15,000"
far-bond-chk2,,d,"Accrued Jan 1-Apr 1 = 3 months: 400,000 x 9% x 3/12 = 9,000; cash = 400,000 + 9,000 = 409,000"
far-bond-pre1,,a,"Market 7% > stated 6% -> investors pay less than face -> discount"
far-bond-01,,d,"Semiannual: coupon 7%/2 = 3.5% per period, market 8%/2 = 4% per period, 5 x 2 = 10 periods"
far-bond-02,,d,"200,000 x 1.04^-10 = 135,113 + 7,000 x PVA(4%,10) 8.11090 = 56,776 -> 191,889"
far-bond-03,,a,"Discount: carrying amount rises each period; expense = CV x market rate so it increases"
far-bond-04,,d,"780,000 x 7% = 54,600 expense; cash 48,000; discount amortized 6,600; CV = 786,600"
far-bond-05,,a,"Proceeds 1,010,000 (101) less 15,000 issuance costs = 995,000 net carrying amount (premium 10,000 less DIC 15,000 = net 5,000 below face). Wording 'net of a $5,000 discount' imprecise but (a) is only defensible option"
far-bond-06,,d,"Premium: expense (CV x mkt) < cash coupon; CV declines toward face; amortization increases over time so (b) false"
far-bond-07,,d,"SL discount amortization 40,000/10 = 4,000; cash 6% x 500,000 = 30,000; expense 34,000"
far-bond-08,,d,"Discount is a contra-liability (direct deduction from bonds payable) - ASC 835-30-45-1A"
far-bond-09,,d,"Accrue Jul 1-Dec 31 = 6 months: 600,000 x 8% x 6/12 = 24,000"
far-bond-10,,a,"Premium: EI expense is highest in Year 1 (largest CV) and falls; SL is constant at the life average, so SL < EI in Year 1"
far-bond-11,,d,"Premium when stated (coupon) rate > market rate"
far-bond-12,,a,"Accrued Jan 1-Mar 1 = 2 months: 100,000 x 6% x 2/12 = 1,000; cash 101,000"
far-bond-13,,b,"ASU 2015-03 / ASC 835-30-45-1A: direct deduction from carrying amount of the debt"
far-bond-14,,c,"1,081,109 x 8% = 86,489; cash 100,000; premium amortized 13,511; CV 1,067,598. NOTE: price 1,081,109 = 5-yr SEMIANNUAL 10%/8% price (1,000,000 x 0.67556 + 50,000 x 8.11090); annual 5-yr price would be 1,079,854"
far-bond-15,,d,"ASU 2020-06 removed cash-conversion and BCF models; convertible debt without bifurcated derivative/substantial premium = single liability (ASC 470-20-25-12)"
far-bond-16,,c,"104,100 x 7% = 7,287 (price checks: 100,000 x PV(7%,5) + 8,000 x PVA = 104,100)"
far-bond-17,,d,"Premium amortized 8,000 - 7,287 = 713; CV 104,100 - 713 = 103,387"
far-bond-18,,a,"373,629 x 6% = 22,418 (zero coupon: all expense is discount accretion); price checks 500,000 x 1.06^-5"
far-bond-19,,b,"1,000,000 x 0.4632 = 463,200 + 60,000 x 6.7101 = 402,606 -> 865,806"
far-bond-20,,c,"Amortization of DIC reported as interest expense (ASC 835-30-45-3)"
far-bond-21,,a,"91,889 x 4% = 3,676 (semiannual market 4%); price checks"
far-bond-22,,b,"Discount amortized 3,676 - 3,000 = 676; CV 91,889 + 676 = 92,565"
far-bond-23,,c,"Reacquisition 102,000 - CV 98,000 = 4,000 loss"
far-bond-24,,d,"Accrued Jan 1-Mar 1 = 2 months: 100,000 x 6% x 2/12 = 1,000; cash 101,000"
far-bond-25,,a,"108,111 x 8% = 8,649. NOTE: 108,111 = 5-yr SEMIANNUAL 10%/8% price; annual 5-yr would be 107,985"
far-bond-26,,b,"Book value method: CV 105,000 - par 2,000 x 10 = 20,000 -> APIC 85,000; no gain/loss"
far-bond-27,,c,"Relative FV (ASC 470-20-25-2): 103,000 x 8,000/104,000 = 7,923"
far-bond-28,,d,"ASC 825-10-45-5 (ASU 2016-01): instrument-specific credit risk portion of FV change on FVO liabilities -> OCI"
far-x2-15,,b,"925,000 x 8% = 74,000; cash 60,000; amortization 14,000; CV 939,000"
far-x2-24,,a,"957,355 x 6% = 57,441. NOTE: 957,355 = 5-yr SEMIANNUAL 5%/6% price with 4-digit factors (0.7441, 8.5302); annual 5-yr price is 957,876"
far-tbs-u8-bonds,price.p,1837774,"2,000,000 x 0.67556 = 1,351,120 + 60,000 x 8.11090 = 486,654"
far-tbs-u8-bonds,price.i1,73511,"1,837,774 x 4% = 73,510.96"
far-tbs-u8-bonds,price.c1,1851285,"1,837,774 + (73,511 - 60,000) = 1,851,285"
far-tbs-u8-bonds,price.i2,74051,"1,851,285 x 4% = 74,051.40"
far-tbs-u8-bonds,je.line1,Dr Interest expense 73511,"EI expense"
far-tbs-u8-bonds,je.line2,Cr Discount on bonds payable 13511,"73,511 - 60,000"
far-tbs-u8-bonds,je.line3,Cr Cash 60000,"2,000,000 x 3%"
far-tbs-u8-bonds,ext.ca,947574 (or 947573),"1,895,147 / 2 = 947,573.5 -> rounding ambiguous; tolerance must accept both. Given 1,895,147 verified by rounded schedule (periods: 1,851,285; 1,865,336; 1,879,949; 1,895,147)"
far-tbs-u8-bonds,ext.rp,970000,"1,000,000 x 97%"
far-tbs-u8-bonds,ext.gl,-22426 (or -22427),"947,573.5 - 970,000 = -22,426.5 loss; ambiguous rounding"
far-tbs-x2-bonds,con.k1,Discount,"Market 6% > stated 5%"
far-tbs-x2-bonds,con.k2,Increases,"Discount: CV rises so CV x 6% rises"
far-tbs-x2-bonds,con.k3,Greater,"Discount amortization adds to expense above cash coupon"
far-tbs-x2-bonds,amt.p,478960,"500,000 x 0.7473 = 373,650 + 25,000 x 4.2124 = 105,310"
far-tbs-x2-bonds,amt.i1,28738,"478,960 x 6% = 28,737.60"
far-tbs-x2-bonds,amt.cv1,482698,"478,960 + (28,738 - 25,000) = 482,698 (unrounded 482,697.6)"
far-tbs-x2-bonds,amt.i2,28962,"482,698 x 6% = 28,961.88 (unrounded path 28,961.86)"
far-tbs-x2-bonds,je.line1,Dr Interest expense 28738,"EI expense"
far-tbs-x2-bonds,je.line2,Cr Discount on bonds payable 3738,"28,738 - 25,000"
far-tbs-x2-bonds,je.line3,Cr Cash 25000,"500,000 x 5%"
