id,type,reviewed,findings_count,note
far-bonds,lesson,y,4,"Lesson recomputed (pricing 875,378; schedule; faded steps; between-dates example) - all correct"
far-bond-pre1,mcq-lesson,y,0,Key a correct; primes discount concept
far-bond-chk1,mcq-lesson,y,0,"Key d 17,280 correct"
far-bond-chk2,mcq-lesson,y,0,"Key d 409,000 correct"
far-bond-01,mcq-practice,y,2,Key matches blind answer
far-bond-02,mcq-practice,y,2,Key matches blind answer
far-bond-03,mcq-practice,y,0,Key matches blind answer; no issues
far-bond-04,mcq-practice,y,1,Key matches blind answer
far-bond-05,mcq-practice,y,1,Key matches blind answer
far-bond-06,mcq-practice,y,1,Key matches blind answer
far-bond-07,mcq-practice,y,0,Key matches blind answer; no issues
far-bond-08,mcq-practice,y,0,Key matches blind answer; no issues
far-bond-09,mcq-practice,y,0,Key matches blind answer; no issues
far-bond-10,mcq-practice,y,0,Key matches blind answer; no issues
far-bond-11,mcq-practice,y,0,Key matches blind answer; no issues
far-bond-12,mcq-practice,y,3,Key matches blind answer
far-bond-13,mcq-practice,y,0,Key matches blind answer; no issues
far-bond-14,mcq-practice,y,4,Key matches blind answer
far-bond-15,mcq-practice,y,1,Key matches blind answer
far-bond-16,mcq-practice,y,4,Key matches blind answer
far-bond-17,mcq-practice,y,4,Key matches blind answer
far-bond-18,mcq-practice,y,2,Key matches blind answer
far-bond-19,mcq-practice,y,1,Key matches blind answer
far-bond-20,mcq-practice,y,1,Key matches blind answer
far-bond-21,mcq-practice,y,5,Key matches blind answer
far-bond-22,mcq-practice,y,6,Key matches blind answer
far-bond-23,mcq-practice,y,4,Key matches blind answer
far-bond-24,mcq-practice,y,4,Key matches blind answer
far-bond-25,mcq-practice,y,6,Key matches blind answer
far-bond-26,mcq-practice,y,4,Key matches blind answer
far-bond-27,mcq-practice,y,4,Key matches blind answer
far-bond-28,mcq-practice,y,4,Key matches blind answer
far-x2-15,mcq-exam,y,1,Key matches blind answer
far-x2-24,mcq-exam,y,3,Key matches blind answer
far-bond-fc1,flashcard,y,0,"Correct, atomic, unambiguous"
far-bond-fc2,flashcard,y,0,"Correct, atomic, unambiguous"
far-bond-fc3,flashcard,y,0,"Correct, atomic, unambiguous"
far-bond-fc4,flashcard,y,0,"Correct, atomic, unambiguous"
far-bond-fc5,flashcard,y,0,"Correct, atomic, unambiguous"
far-bond-fc6,flashcard,y,0,"Correct, atomic, unambiguous"
far-tbs-u8-bonds,tbs-practice,y,1,"All rows recomputed incl. 1,895,147 schedule; tolerances accept 947,573/947,574 rounding; JE balances"
far-tbs-x2-bonds,tbs-exam,y,1,All rows recomputed; dropdowns correct; JE balances (default tol 1)
