jaccard	bigram_j	id_a	id_b	mod_a	mod_b	pool_a	pool_b	key_a	key_b
1.0	1.0	tcp-te-11	reg-te-chk1	tcp-trusts-estates	reg-trusts-exempt	practice	lesson	a	a
1.0	1.0	tcp-sc2-pre1	reg-sc-pre1	tcp-s-corp-compliance	reg-s-corporations	lesson	lesson	c	c
1.0	1.0	tcp-sc2-33	reg-sc-17	tcp-s-corp-compliance	reg-s-corporations	practice	practice	b	b
1.0	1.0	tcp-po-26	reg-pt-08	tcp-partnership-operations	reg-partnerships	practice	practice	b	a
1.0	1.0	tcp-po-06	reg-x5-41	tcp-partnership-operations	reg-partnerships	practice	exam	a	c
1.0	1.0	tcp-ms-24	reg-slt-31	tcp-multistate	reg-state-local-tax	practice	practice	b	b
1.0	1.0	reg-ag-14	reg-x2-24	reg-agency	reg-agency	practice	exam	b	c
1.0	1.0	far-nfs-14	far-nfs-27	far-nfp-statements	far-nfp-statements	practice	practice	c	c
1.0	1.0	far-nd-11	far-nd-22	far-notes-disclosures	far-notes-disclosures	practice	practice	d	b
1.0	1.0	far-iso-02	far-x1-29	far-income-statement-oci	far-income-statement-oci	practice	exam	c	c
1.0	1.0	far-gov-01	far-gov-11	far-government	far-government	practice	practice	a	c
1.0	1.0	aud-x2-03	aud-x2-39	aud-planning	aud-understanding-entity	exam	exam	c	d
1.0	1.0	aud-uo2-chk1	aud-uo2-16	aud-unmodified-opinion	aud-unmodified-opinion	lesson	practice	a	a
1.0	1.0	aud-ue-16	aud-ue-21	aud-understanding-entity	aud-understanding-entity	practice	practice	d	d
1.0	0.91	aud-spi-chk2	aud-spi-16	aud-sec-pcaob-independence	aud-sec-pcaob-independence	lesson	practice	a	b
1.0	0.43	far-fv-01	far-x3-09	far-fair-value	far-fair-value	practice	exam	c	b
1.0	0.14	reg-ag-04	reg-x2-24	reg-agency	reg-agency	practice	exam	a	c
1.0	0.14	reg-ag-04	reg-ag-14	reg-agency	reg-agency	practice	practice	a	b
0.96	0.74	reg-dep-04	tcp-x4-08	reg-cost-recovery	reg-cost-recovery	practice	exam	b	b
0.94	0.85	far-imp-13	far-imp-14	far-impairment	far-impairment	practice	practice	b	c
0.93	0.46	far-fv-22	far-fv-23	far-fair-value	far-fair-value	practice	practice	b	c
0.92	0.85	tcp-re-01	tcp-x1-17	tcp-retirement-education	tcp-retirement-education	practice	exam	c	c
0.92	0.79	tcp-ad-26	tcp-x4-11	tcp-asset-dispositions	tcp-asset-dispositions	practice	exam	d	c
0.92	0.77	aud-at-03	aud-at-13	aud-attestation	aud-attestation	practice	practice	c	c
0.92	0.61	tcp-cr2-chk1	reg-dep-04	reg-cost-recovery	reg-cost-recovery	lesson	practice	a	b
0.91	0.36	aud-spi-16	aud-spi-21	aud-sec-pcaob-independence	aud-sec-pcaob-independence	practice	practice	b	b
0.91	0.33	aud-spi-chk2	aud-spi-21	aud-sec-pcaob-independence	aud-sec-pcaob-independence	lesson	practice	a	b
0.89	0.67	far-se-11	far-se-26	far-subsequent-events	far-subsequent-events	practice	practice	d	b
0.89	0.54	far-rat-18	far-rat-24	far-ratios	far-ratios	practice	practice	c	d
0.89	0.43	far-inv-14	far-inv-26	far-inventory-cost	far-inventory-cost	practice	practice	d	b
0.89	0.36	tcp-sc2-06	tcp-sc2-26	tcp-s-corp-compliance	tcp-s-corp-compliance	practice	practice	b	c
0.89	0.36	reg-c230-02	reg-x1-21	reg-circular-230	reg-circular-230	practice	exam	d	a
0.88	0.89	far-inv-21	far-inv-23	far-inventory-cost	far-inventory-cost	practice	practice	a	c
0.88	0.8	far-iv-22	far-iv-23	far-inventory-valuation	far-inventory-valuation	practice	practice	b	c
0.88	0.79	far-imp-29	far-imp-30	far-impairment	far-impairment	practice	practice	b	c
0.88	0.78	reg-nt-08	tcp-x4-18	reg-nontaxable-exchanges	tcp-deferral-transactions	practice	exam	b	b
0.88	0.71	far-x2-04	far-x2-20	far-inventory-valuation	far-inventory-valuation	exam	exam	d	a
0.88	0.67	tcp-cr2-chk1	tcp-x4-08	reg-cost-recovery	reg-cost-recovery	lesson	exam	a	b
0.88	0.62	tcp-cc-29	reg-cc-06	tcp-c-corp-compliance	reg-c-corp-income	practice	practice	c	d
0.88	0.48	reg-pb-08	reg-pb-20	reg-property-basis	reg-property-basis	practice	practice	b	a
0.88	0.43	far-dep-21	far-x2-28	far-depreciation	far-depreciation	practice	exam	a	a
0.88	0.4	tcp-sc2-24	reg-cc-06	tcp-s-corp-compliance	reg-c-corp-income	practice	practice	a	d
0.87	0.29	far-fv-12	far-fv-19	far-fair-value	far-fair-value	practice	practice	a	a
0.86	0.83	aud-cm-11	aud-x4-08	aud-communications	aud-communications	practice	exam	b	a
0.86	0.5	far-tax-07	far-tax-27	far-income-taxes	far-income-taxes	practice	practice	c	c
0.86	0.41	tcp-cc-11	reg-cc-29	tcp-c-corp-compliance	reg-c-corp-income	practice	practice	a	c
0.86	0.23	tcp-pf-04	tcp-pf-32	tcp-partnership-formation	tcp-partnership-formation	practice	practice	b	a
0.84	0.64	tcp-ip-07	tcp-x1-37	tcp-individual-planning	tcp-individual-planning	practice	exam	a	a
0.84	0.57	reg-ot-04	tcp-x1-37	reg-amt-other-taxes	tcp-individual-planning	practice	exam	d	a
0.83	0.84	far-inv-22	far-inv-23	far-inventory-cost	far-inventory-cost	practice	practice	b	c
0.83	0.84	far-inv-21	far-inv-22	far-inventory-cost	far-inventory-cost	practice	practice	a	b
0.83	0.83	far-dsec-21	far-dsec-22	far-debt-securities	far-debt-securities	practice	practice	a	b
0.83	0.8	aud-ev-21	aud-x3-28	aud-evidence-assertions	aud-evidence-assertions	practice	exam	c	d
0.83	0.67	far-imp-24	far-imp-25	far-impairment	far-impairment	practice	practice	a	b
0.83	0.5	tcp-dt-03	tcp-dt-26	tcp-deferral-transactions	tcp-deferral-transactions	practice	practice	c	b
0.82	0.64	reg-dc-04	reg-dc-27	reg-debtor-creditor	reg-debtor-creditor	practice	practice	a	a
0.82	0.5	reg-te-19	reg-te-41	reg-trusts-exempt	reg-trusts-exempt	practice	practice	c	b
0.8	0.78	reg-id-pre1	reg-id-31	reg-itemized-deductions	reg-itemized-deductions	lesson	practice	a	b
0.8	0.75	reg-ag-06	reg-x2-03	reg-agency	reg-agency	practice	exam	d	a
0.8	0.75	far-iso-05	far-x1-04	far-income-statement-oci	far-income-statement-oci	practice	exam	b	d
0.8	0.75	aud-x3-02	aud-x3-28	aud-evidence-assertions	aud-evidence-assertions	exam	exam	c	d
0.8	0.69	tcp-pa-11	reg-x4-09	tcp-passive-rental	tcp-passive-rental	practice	exam	a	d
0.8	0.67	tcp-cc-13	tcp-cc-40	tcp-c-corp-compliance	tcp-c-corp-compliance	practice	practice	d	b
0.8	0.65	reg-cc-02	reg-x5-37	reg-c-corp-income	reg-c-corp-income	practice	exam	c	c
0.8	0.6	far-eq-chk2	far-eq-13	far-equity-investments	far-equity-investments	lesson	practice	b	c
0.8	0.5	tcp-sc2-04	reg-sc-02	tcp-s-corp-compliance	reg-s-corporations	practice	practice	c	d
0.8	0.41	far-imp-24	far-x2-10	far-impairment	far-impairment	practice	exam	a	d
0.8	0.4	tcp-te-01	reg-te-08	tcp-trusts-estates	reg-trusts-exempt	practice	practice	c	c
0.8	0.4	aud-wr-21	aud-x3-52	aud-written-representations	aud-written-representations	practice	exam	a	d
0.8	0.35	reg-ep-chk1	reg-ep-11	reg-corp-distributions	reg-corp-distributions	lesson	practice	c	c
0.79	0.64	tcp-ip-07	reg-ot-04	tcp-individual-planning	reg-amt-other-taxes	practice	practice	a	d
0.79	0.52	tcp-cr2-17	tcp-x4-10	reg-cost-recovery	reg-cost-recovery	practice	exam	b	b
0.78	0.78	aud-uo2-13	aud-x4-02	aud-unmodified-opinion	aud-unmodified-opinion	practice	exam	c	d
0.78	0.56	tcp-x1-02	tcp-x1-26	tcp-individual-planning	tcp-individual-planning	exam	exam	d	b
0.78	0.45	reg-cg-05	tcp-x4-03	reg-capital-gains	tcp-asset-dispositions	practice	exam	c	a
0.78	0.44	far-inv-16	far-inv-22	far-inventory-cost	far-inventory-cost	practice	practice	d	b
0.78	0.4	tcp-po-26	reg-x5-41	tcp-partnership-operations	reg-partnerships	practice	exam	b	c
0.78	0.4	tcp-po-06	tcp-po-26	tcp-partnership-operations	tcp-partnership-operations	practice	practice	a	b
0.78	0.4	tcp-po-06	reg-pt-08	tcp-partnership-operations	reg-partnerships	practice	practice	a	a
0.78	0.4	reg-pt-08	reg-x5-41	reg-partnerships	reg-partnerships	practice	exam	a	c
0.78	0.4	aud-cm-07	aud-cm-14	aud-communications	aud-communications	practice	practice	c	a
0.78	0.36	tcp-sc2-24	tcp-cc-29	tcp-s-corp-compliance	tcp-c-corp-compliance	practice	practice	a	c
0.78	0.33	far-inv-21	far-x2-27	far-inventory-cost	far-inventory-cost	practice	exam	a	d
0.77	0.37	tcp-intl-chk1	tcp-intl-32	tcp-international	tcp-international	lesson	practice	c	a
0.77	0.16	reg-ot-12	reg-x4-32	reg-amt-other-taxes	reg-amt-other-taxes	practice	exam	a	b
0.75	0.75	tcp-sc2-24	reg-sc-10	tcp-s-corp-compliance	reg-s-corporations	practice	practice	a	a
0.75	0.71	reg-c230-01	reg-c230-36	reg-circular-230	reg-circular-230	practice	practice	c	c
0.75	0.71	aud-uo2-22	aud-se-04	aud-unmodified-opinion	aud-subsequent-events	practice	practice	d	c
0.75	0.71	aud-ps-12	aud-gov-22	aud-professional-standards	aud-government-compliance	practice	practice	b	a
0.75	0.67	reg-pen-03	reg-pen-34	reg-preparer-penalties	reg-preparer-penalties	practice	practice	d	a
0.75	0.67	reg-gi-04	reg-gi-10	reg-gross-income	reg-gross-income	practice	practice	d	c
0.75	0.67	far-spf-01	aud-sp-22	far-special-purpose	aud-special-reports	practice	practice	c	a
0.75	0.67	far-spf-01	aud-sp-01	far-special-purpose	aud-special-reports	practice	practice	c	c
0.75	0.62	tcp-ip-05	tcp-x1-26	tcp-individual-planning	tcp-individual-planning	practice	exam	c	b
0.75	0.62	tcp-ip-05	tcp-x1-02	tcp-individual-planning	tcp-individual-planning	practice	exam	c	d
0.75	0.58	aud-sp-09	aud-sp-15	aud-special-reports	aud-special-reports	practice	practice	b	c
0.75	0.56	tcp-pa-chk1	reg-x4-09	tcp-passive-rental	tcp-passive-rental	lesson	exam	a	d
0.75	0.52	aud-rm-14	aud-pl-26	aud-risk-materiality	aud-planning	practice	practice	a	c
0.75	0.5	tcp-gt-05	reg-te-10	tcp-gift-tax	reg-trusts-exempt	practice	practice	c	a
0.75	0.5	reg-ot-16	tcp-x1-26	reg-amt-other-taxes	tcp-individual-planning	practice	exam	a	b
0.75	0.5	reg-dc-13	reg-x2-22	reg-debtor-creditor	reg-debtor-creditor	practice	exam	c	a
0.75	0.5	aud-pl-chk2	aud-x2-39	aud-planning	aud-understanding-entity	lesson	exam	d	d
0.75	0.5	aud-pl-chk2	aud-x2-03	aud-planning	aud-planning	lesson	exam	d	c
0.75	0.5	aud-fr-chk2	aud-fr-12	aud-fraud-risk	aud-fraud-risk	lesson	practice	a	a
0.75	0.49	tcp-pd-19	tcp-pd-22	tcp-partnership-distributions	tcp-partnership-distributions	practice	practice	a	b
0.75	0.43	aud-ev-02	aud-rev-27	aud-evidence-assertions	aud-revenue-receivables	practice	practice	a	d
0.75	0.36	far-sec-18	far-sec-23	far-sec-segments	far-sec-segments	practice	practice	a	b
0.75	0.33	reg-pt-14	reg-pt-20	reg-partnerships	reg-partnerships	practice	practice	a	a
0.74	0.51	tcp-intl-chk1	tcp-intl-09	tcp-international	tcp-international	lesson	practice	c	a
0.74	0.43	reg-cg-05	tcp-x4-12	reg-capital-gains	tcp-asset-dispositions	practice	exam	c	d
0.74	0.37	tcp-gt-chk1	reg-x5-19	tcp-gift-tax	tcp-gift-tax	lesson	exam	d	b
0.73	0.65	far-inv-01	far-inv-02	far-inventory-cost	far-inventory-cost	practice	practice	b	d
0.73	0.57	aud-uo-14	aud-uo-26	aud-using-others	aud-using-others	practice	practice	c	c
0.73	0.53	tcp-pa-11	reg-bri-chk2	tcp-passive-rental	reg-business-rental-income	practice	lesson	a	b
0.73	0.53	tcp-ip-30	tcp-ip-31	tcp-individual-planning	tcp-individual-planning	practice	practice	c	d
0.73	0.53	reg-ot-22	tcp-x1-03	reg-amt-other-taxes	tcp-individual-planning	practice	exam	a	d
0.73	0.47	tcp-intl-chk1	tcp-x2-29	tcp-international	tcp-international	lesson	exam	c	b
0.73	0.46	reg-cc-13	reg-x5-27	reg-c-corp-income	reg-c-corp-income	practice	exam	d	a
0.73	0.42	aud-gov-11	aud-gov-25	aud-government-compliance	aud-government-compliance	practice	practice	c	d
0.73	0.41	reg-irs-chk1	reg-irs-34	reg-irs-procedures	reg-irs-procedures	lesson	practice	d	a
0.73	0.41	aud-ea-chk1	aud-ea-24	aud-engagement-acceptance	aud-engagement-acceptance	lesson	practice	a	c
0.73	0.38	far-eps-04	far-eps-16	far-eps	far-eps	practice	practice	c	a
0.73	0.31	reg-c230-35	reg-x1-21	reg-circular-230	reg-circular-230	practice	exam	b	a
0.73	0.29	reg-slt-chk1	reg-x5-36	reg-state-local-tax	reg-state-local-tax	lesson	exam	c	b
0.73	0.26	tcp-pf-18	tcp-pf-32	tcp-partnership-formation	tcp-partnership-formation	practice	practice	a	a
0.73	0.21	reg-al-03	reg-x1-11	reg-accountant-liability	reg-accountant-liability	practice	exam	c	a
0.72	0.52	far-inv-21	far-x2-03	far-inventory-cost	far-inventory-cost	practice	exam	a	c
0.72	0.45	tcp-fl-15	tcp-fl-31	tcp-formation-liquidation	tcp-formation-liquidation	practice	practice	b	b
0.71	0.74	far-inv-01	far-inv-03	far-inventory-cost	far-inventory-cost	practice	practice	b	a
0.71	0.71	tcp-fl-35	reg-fl-15	tcp-formation-liquidation	reg-corp-formation-liquidation	practice	practice	b	d
0.71	0.69	aud-cm-24	aud-ic-02	aud-communications	aud-internal-control	practice	practice	a	c
0.71	0.67	tcp-po-chk1	reg-pt-14	tcp-partnership-operations	reg-partnerships	lesson	practice	d	a
0.71	0.6	reg-ct-chk2	reg-ct-29	reg-contracts	reg-contracts	lesson	practice	a	a
0.71	0.57	far-iso-05	far-x1-20	far-income-statement-oci	far-income-statement-oci	practice	exam	b	b
0.71	0.5	reg-ot-14	reg-ot-15	reg-amt-other-taxes	reg-amt-other-taxes	practice	practice	c	d
0.71	0.43	reg-cg-39	reg-x3-05	reg-capital-gains	tcp-asset-dispositions	practice	exam	d	b
0.71	0.43	aud-uo2-03	aud-se-04	aud-unmodified-opinion	aud-subsequent-events	practice	practice	a	c
0.71	0.43	aud-rr-09	aud-x3-19	aud-risk-response	aud-liabilities-equity	practice	exam	b	b
0.71	0.43	aud-ps-22	aud-ps-23	aud-professional-standards	aud-professional-standards	practice	practice	b	c
0.71	0.43	aud-fr-12	aud-fr-23	aud-fraud-risk	aud-fraud-risk	practice	practice	a	d
0.71	0.38	reg-gi-15	reg-x4-35	reg-gross-income	reg-gross-income	practice	exam	d	a
0.71	0.38	reg-fs-07	reg-fs-33	reg-filing-status	reg-filing-status	practice	practice	b	b
0.71	0.38	aud-inv-chk1	aud-inv-16	aud-inventory-ppe	aud-inventory-ppe	lesson	practice	b	a
0.71	0.36	far-int-20	far-int-23	far-intangibles	far-intangibles	practice	practice	b	b
0.71	0.33	tcp-ec-30	reg-id-chk2	tcp-entity-choice	reg-itemized-deductions	practice	lesson	c	d
0.71	0.29	tcp-gt-28	tcp-x1-43	tcp-gift-tax	tcp-gift-tax	practice	exam	a	c
0.71	0.28	aud-ss-07	aud-ss-26	aud-ssars	aud-ssars	practice	practice	b	d
0.71	0.25	tcp-pf-04	tcp-pf-18	tcp-partnership-formation	tcp-partnership-formation	practice	practice	b	a
0.71	0.25	tcp-gt-26	reg-te-10	tcp-gift-tax	reg-trusts-exempt	practice	practice	c	a
0.71	0.25	tcp-gt-05	tcp-gt-26	tcp-gift-tax	tcp-gift-tax	practice	practice	c	c
0.71	0.25	aud-mo-21	aud-mo-22	aud-modified-opinions	aud-modified-opinions	practice	practice	c	d
0.71	0.22	aud-uo2-12	aud-uo2-22	aud-unmodified-opinion	aud-unmodified-opinion	practice	practice	b	d
0.71	0.22	aud-uo2-12	aud-se-04	aud-unmodified-opinion	aud-subsequent-events	practice	practice	b	c
0.7	0.5	reg-ot-08	reg-ot-24	reg-amt-other-taxes	reg-amt-other-taxes	practice	practice	b	c
0.7	0.5	aud-gc-chk1	aud-gc-11	aud-going-concern	aud-going-concern	lesson	practice	a	a
0.7	0.49	reg-adj-09	reg-x4-12	reg-adjustments	reg-adjustments	practice	exam	d	a
0.7	0.39	far-ppe-24	far-ppe-25	far-ppe-acquisition	far-ppe-acquisition	practice	practice	d	a
0.7	0.36	tcp-pd-06	tcp-pd-35	tcp-partnership-distributions	tcp-partnership-distributions	practice	practice	d	b
0.7	0.36	tcp-eo-20	reg-te-33	tcp-exempt-organizations	reg-trusts-exempt	practice	practice	b	c
0.7	0.34	tcp-po-31	reg-ot-32	tcp-partnership-operations	reg-amt-other-taxes	practice	practice	c	a
0.7	0.34	reg-sc-09	reg-x5-35	reg-s-corporations	reg-s-corporations	practice	exam	b	a
0.7	0.33	tcp-gt-13	tcp-gt-30	tcp-gift-tax	tcp-gift-tax	practice	practice	d	c
0.7	0.33	tcp-eo-21	tcp-eo-32	tcp-exempt-organizations	tcp-exempt-organizations	practice	practice	d	b
0.7	0.33	aud-rp-04	aud-uo2-15	aud-report-paragraphs	aud-unmodified-opinion	practice	practice	c	a
0.69	0.56	aud-mo-chk1	aud-mo-16	aud-modified-opinions	aud-modified-opinions	lesson	practice	d	d
0.69	0.55	aud-se-26	aud-x3-53	aud-subsequent-events	aud-subsequent-events	practice	exam	c	a
0.69	0.5	tcp-pa-chk1	tcp-pa-11	tcp-passive-rental	tcp-passive-rental	lesson	practice	a	a
0.69	0.5	tcp-pa-chk1	reg-bri-chk2	tcp-passive-rental	reg-business-rental-income	lesson	lesson	a	b
0.69	0.5	tcp-cr2-chk1	tcp-cr2-19	reg-cost-recovery	reg-cost-recovery	lesson	practice	a	d
0.69	0.5	tcp-ad-27	tcp-x4-11	tcp-asset-dispositions	tcp-asset-dispositions	practice	exam	a	c
0.69	0.5	reg-bri-chk2	reg-x4-09	reg-business-rental-income	tcp-passive-rental	lesson	exam	b	d
0.69	0.48	far-iv-16	far-iv-21	far-inventory-valuation	far-inventory-valuation	practice	practice	a	a
0.69	0.45	tcp-re-chk1	reg-x4-12	tcp-retirement-education	reg-adjustments	lesson	exam	d	a
0.69	0.43	tcp-eo-02	reg-te-34	tcp-exempt-organizations	reg-trusts-exempt	practice	practice	d	d
0.69	0.33	reg-ct-14	reg-x2-25	reg-contracts	reg-contracts	practice	exam	c	d
0.69	0.32	reg-cc-03	reg-x5-24	reg-c-corp-income	reg-c-corp-income	practice	exam	d	a
0.69	0.28	reg-cc-21	reg-x5-37	reg-c-corp-income	reg-c-corp-income	practice	exam	c	c
0.69	0.16	aud-sa-04	aud-sa-25	aud-sampling	aud-sampling	practice	practice	d	c
0.69	0.14	reg-cg-02	reg-cg-24	reg-capital-gains	reg-capital-gains	practice	practice	d	b
0.68	0.52	far-rev2-12	far-rev2-22	far-revenue-measurement	far-revenue-measurement	practice	practice	c	b
0.68	0.52	aud-uo-04	aud-uo-11	aud-using-others	aud-using-others	practice	practice	a	d
0.68	0.44	reg-id-16	reg-id-28	reg-itemized-deductions	reg-itemized-deductions	practice	practice	b	d
0.68	0.42	far-seq-12	far-x2-25	far-equity	far-equity	practice	exam	d	b
0.68	0.38	far-nfr-17	far-x1-34	far-nfp-revenue	far-nfp-revenue	practice	exam	d	d
0.68	0.29	far-inv-23	far-x2-27	far-inventory-cost	far-inventory-cost	practice	exam	c	d
0.68	0.23	far-nd-13	aud-x3-54	far-notes-disclosures	aud-going-concern	practice	exam	b	b
0.67	0.67	aud-itc-pre1	aud-x2-30	aud-it-controls	aud-it-controls	lesson	exam	d	c
0.67	0.64	tcp-eo-11	tcp-eo-31	tcp-exempt-organizations	tcp-exempt-organizations	practice	practice	a	a
0.67	0.6	tcp-dt-03	tcp-x4-07	tcp-deferral-transactions	tcp-deferral-transactions	practice	exam	c	a
0.67	0.6	aud-wr-13	aud-wr-22	aud-written-representations	aud-written-representations	practice	practice	d	b
0.67	0.6	aud-ev-21	aud-x3-02	aud-evidence-assertions	aud-evidence-assertions	practice	exam	c	c
0.67	0.5	reg-irs-pre1	reg-irs-14	reg-irs-procedures	reg-irs-procedures	lesson	practice	a	a
0.67	0.5	reg-c230-02	reg-c230-35	reg-circular-230	reg-circular-230	practice	practice	d	b
0.67	0.5	aud-inv-04	aud-x3-47	aud-inventory-ppe	aud-inventory-ppe	practice	exam	a	c
0.67	0.5	aud-gc-16	aud-gc-22	aud-going-concern	aud-going-concern	practice	practice	a	b
0.67	0.47	reg-ct-01	reg-ct-23	reg-contracts	reg-contracts	practice	practice	c	c
0.67	0.44	reg-pt-chk1	reg-pt-14	reg-partnerships	reg-partnerships	lesson	practice	d	a
0.67	0.44	reg-dc-05	reg-x2-09	reg-debtor-creditor	reg-debtor-creditor	practice	exam	d	a
0.67	0.43	tcp-cc-35	reg-cc-02	tcp-c-corp-compliance	reg-c-corp-income	practice	practice	a	c
0.67	0.38	far-x1-10	far-x1-36	far-ratios	far-ratios	exam	exam	d	b
0.67	0.35	aud-mo-19	aud-mo-27	aud-modified-opinions	aud-modified-opinions	practice	practice	c	a
0.67	0.35	aud-ic-02	aud-x2-29	aud-internal-control	aud-internal-control	practice	exam	c	b
0.67	0.33	aud-rp-21	aud-rp-22	aud-report-paragraphs	aud-report-paragraphs	practice	practice	c	d
0.67	0.33	aud-inv-03	aud-inv-13	aud-inventory-ppe	aud-inventory-ppe	practice	practice	c	c
0.67	0.32	far-imp-25	far-x2-10	far-impairment	far-impairment	practice	exam	b	d
0.67	0.32	aud-spi-21	aud-x1-20	aud-sec-pcaob-independence	aud-sec-pcaob-independence	practice	exam	b	d
0.67	0.3	tcp-x1-09	reg-x4-09	tcp-passive-rental	tcp-passive-rental	exam	exam	c	d
0.67	0.3	tcp-pa-chk1	tcp-x1-09	tcp-passive-rental	tcp-passive-rental	lesson	exam	a	c
0.67	0.3	tcp-eo-01	reg-te-33	tcp-exempt-organizations	reg-trusts-exempt	practice	practice	c	c
0.67	0.3	reg-dc-24	reg-x2-09	reg-debtor-creditor	reg-debtor-creditor	practice	exam	b	a
0.67	0.3	aud-qm-13	aud-qm-23	aud-quality-management	aud-quality-management	practice	practice	c	b
0.67	0.29	tcp-eo-24	tcp-eo-40	tcp-exempt-organizations	tcp-exempt-organizations	practice	practice	b	b
0.67	0.29	far-sec-23	far-sec-31	far-sec-segments	far-sec-segments	practice	practice	b	a
0.67	0.29	aud-uo2-07	aud-uo2-24	aud-unmodified-opinion	aud-unmodified-opinion	practice	practice	b	b
0.67	0.29	aud-ev-16	aud-ev-17	aud-evidence-assertions	aud-evidence-assertions	practice	practice	c	d
0.67	0.27	tcp-pd-chk2	tcp-pd-16	tcp-partnership-distributions	tcp-partnership-distributions	lesson	practice	c	b
0.67	0.25	reg-pen-chk2	reg-x1-15	reg-preparer-penalties	reg-preparer-penalties	lesson	exam	a	c
0.67	0.2	aud-inv-12	aud-x3-35	aud-inventory-ppe	aud-inventory-ppe	practice	exam	b	c
0.67	0.18	reg-ct-02	reg-x2-19	reg-contracts	reg-contracts	practice	exam	d	b
0.67	0.17	far-fv-chk1	far-fv-12	far-fair-value	far-fair-value	lesson	practice	d	a
0.67	0.0	aud-ea-11	aud-ea-23	aud-engagement-acceptance	aud-engagement-acceptance	practice	practice	b	b
0.66	0.4	far-ppe-04	far-x2-07	far-ppe-acquisition	far-ppe-acquisition	practice	exam	d	d
0.66	0.39	reg-fs-08	reg-x4-03	reg-filing-status	reg-filing-status	practice	exam	b	d
0.65	0.52	far-imp-30	far-x2-11	far-impairment	far-intangibles	practice	exam	c	a
0.65	0.52	far-imp-29	far-x2-11	far-impairment	far-intangibles	practice	exam	b	a
0.65	0.5	reg-gi-chk1	reg-gi-16	reg-gross-income	reg-gross-income	lesson	practice	c	c
0.65	0.45	reg-cg-18	reg-cg-26	reg-capital-gains	reg-capital-gains	practice	practice	a	d
0.65	0.42	tcp-fl-05	tcp-fl-32	tcp-formation-liquidation	tcp-formation-liquidation	practice	practice	a	c
0.65	0.38	tcp-x4-03	tcp-x4-12	tcp-asset-dispositions	tcp-asset-dispositions	exam	exam	a	d
0.65	0.28	far-inv-22	far-x2-27	far-inventory-cost	far-inventory-cost	practice	exam	b	d
0.65	0.27	far-seq-12	far-seq-23	far-equity	far-equity	practice	practice	d	c
0.65	0.19	far-fv-chk1	far-fv-19	far-fair-value	far-fair-value	lesson	practice	d	a
0.64	0.5	tcp-pa-31	reg-bri-14	tcp-passive-rental	reg-business-rental-income	practice	practice	c	c
0.64	0.5	reg-fs-06	reg-fs-26	reg-filing-status	reg-filing-status	practice	practice	d	d
0.64	0.45	aud-ss-16	aud-ss-24	aud-ssars	aud-ssars	practice	practice	a	b
0.64	0.45	aud-rp-09	aud-rp-14	aud-report-paragraphs	aud-report-paragraphs	practice	practice	b	d
0.64	0.45	aud-gc-chk1	aud-gc-24	aud-going-concern	aud-going-concern	lesson	practice	a	d
0.64	0.44	tcp-fl-03	reg-cg-08	tcp-formation-liquidation	reg-capital-gains	practice	practice	c	a
0.64	0.42	tcp-po-13	tcp-po-36	tcp-partnership-operations	tcp-partnership-operations	practice	practice	d	d
0.64	0.39	tcp-ad-26	tcp-ad-27	tcp-asset-dispositions	tcp-asset-dispositions	practice	practice	d	a
0.64	0.38	far-rev2-17	far-rev2-24	far-revenue-measurement	far-revenue-measurement	practice	practice	a	d
0.64	0.37	tcp-ad-18	tcp-x4-11	tcp-asset-dispositions	tcp-asset-dispositions	practice	exam	d	c
0.64	0.33	reg-ot-21	reg-ot-35	reg-amt-other-taxes	reg-amt-other-taxes	practice	practice	d	d
0.64	0.33	far-se-16	far-se-22	far-subsequent-events	far-subsequent-events	practice	practice	c	b
0.64	0.33	far-cont-chk1	far-cont-19	far-contingencies	far-contingencies	lesson	practice	c	b
0.64	0.33	aud-se-14	aud-se-21	aud-subsequent-events	aud-subsequent-events	practice	practice	c	b
0.64	0.32	far-cont-13	far-cont-21	far-contingencies	far-contingencies	practice	practice	a	a
0.64	0.3	far-tax-24	far-x3-08	far-income-taxes	far-income-taxes	practice	exam	d	c
0.64	0.28	far-cont-16	far-cont-22	far-contingencies	far-contingencies	practice	practice	c	b
0.64	0.26	tcp-re-21	tcp-re-33	tcp-retirement-education	tcp-retirement-education	practice	practice	a	a
0.64	0.07	aud-sp-25	aud-x4-17	aud-special-reports	aud-special-reports	practice	exam	d	c
0.63	0.46	far-inv-23	far-x2-03	far-inventory-cost	far-inventory-cost	practice	exam	c	c
0.63	0.42	tcp-re-chk1	reg-adj-09	tcp-retirement-education	reg-adjustments	lesson	practice	d	d
0.63	0.42	far-x2-03	far-x2-27	far-inventory-cost	far-inventory-cost	exam	exam	c	d
0.63	0.4	far-imp-14	far-imp-30	far-impairment	far-impairment	practice	practice	c	c
0.63	0.4	far-imp-14	far-imp-29	far-impairment	far-impairment	practice	practice	c	b
0.63	0.38	reg-dep-04	tcp-cr2-19	reg-cost-recovery	reg-cost-recovery	practice	practice	b	d
0.63	0.38	far-imp-05	far-imp-30	far-impairment	far-impairment	practice	practice	b	c
0.63	0.38	far-imp-05	far-imp-29	far-impairment	far-impairment	practice	practice	b	b
0.63	0.35	far-ppe-23	far-x2-07	far-ppe-acquisition	far-ppe-acquisition	practice	exam	c	d
0.63	0.35	far-inv-16	far-inv-23	far-inventory-cost	far-inventory-cost	practice	practice	d	c
0.63	0.35	far-inv-16	far-inv-21	far-inventory-cost	far-inventory-cost	practice	practice	d	a
0.63	0.33	reg-bri-05	tcp-x1-41	reg-business-rental-income	tcp-passive-rental	practice	exam	d	a
0.63	0.3	tcp-re-31	reg-adj-30	tcp-retirement-education	reg-adjustments	practice	practice	c	d
0.62	0.6	tcp-re-14	tcp-x1-19	tcp-retirement-education	tcp-retirement-education	practice	exam	d	a
0.62	0.57	aud-cm-07	aud-x4-08	aud-communications	aud-communications	practice	exam	c	a
0.62	0.5	reg-al-16	aud-x1-18	reg-accountant-liability	aud-code-of-conduct	practice	exam	b	b
0.62	0.46	reg-ag-pre1	reg-ag-31	reg-agency	reg-agency	lesson	practice	b	c
0.62	0.46	aud-uo-chk2	aud-x2-41	aud-using-others	aud-it-controls	lesson	exam	d	b
0.62	0.44	tcp-ad-35	tcp-dt-08	tcp-asset-dispositions	tcp-deferral-transactions	practice	practice	a	d
0.62	0.44	reg-pen-01	reg-x1-04	reg-preparer-penalties	reg-preparer-penalties	practice	exam	a	a
0.62	0.41	tcp-cc-35	reg-x5-37	tcp-c-corp-compliance	reg-c-corp-income	practice	exam	a	c
0.62	0.38	tcp-te-06	tcp-te-24	tcp-trusts-estates	tcp-trusts-estates	practice	practice	b	d
0.62	0.38	tcp-po-chk1	reg-pt-chk1	tcp-partnership-operations	reg-partnerships	lesson	lesson	d	d
0.62	0.38	tcp-cc-34	reg-x5-37	tcp-c-corp-compliance	reg-c-corp-income	practice	exam	d	c
0.62	0.38	reg-adj-33	reg-x4-29	reg-adjustments	reg-adjustments	practice	exam	b	c
0.62	0.38	far-lso-13	far-lso-20	far-leases-operating	far-leases-operating	practice	practice	c	c
0.62	0.38	aud-x3-19	aud-x3-38	aud-liabilities-equity	aud-liabilities-equity	exam	exam	b	b
0.62	0.38	aud-rr-09	aud-x3-38	aud-risk-response	aud-liabilities-equity	practice	exam	b	b
0.62	0.36	tcp-sc2-01	reg-sc-16	tcp-s-corp-compliance	reg-s-corporations	practice	practice	d	a
0.62	0.35	aud-spi-chk2	aud-x1-20	aud-sec-pcaob-independence	aud-sec-pcaob-independence	lesson	exam	a	d
0.62	0.33	tcp-dt-13	reg-nt-42	tcp-deferral-transactions	reg-nontaxable-exchanges	practice	practice	a	a
0.62	0.33	far-pay-17	far-pay-22	far-payables	far-payables	practice	practice	d	b
0.62	0.33	aud-qm-26	aud-x1-14	aud-quality-management	aud-quality-management	practice	exam	a	b
0.62	0.33	aud-ev-17	aud-ev-24	aud-evidence-assertions	aud-evidence-assertions	practice	practice	d	b
0.62	0.31	tcp-x1-21	reg-x4-17	tcp-retirement-education	reg-individual-credits	exam	exam	c	a
0.62	0.3	aud-spi-16	aud-x1-20	aud-sec-pcaob-independence	aud-sec-pcaob-independence	practice	exam	b	d
0.62	0.28	tcp-intl-09	tcp-intl-32	tcp-international	tcp-international	practice	practice	a	a
0.62	0.28	far-spf-02	far-spf-14	far-special-purpose	far-special-purpose	practice	practice	b	d
0.62	0.27	tcp-ad-38	tcp-x3-05	tcp-asset-dispositions	tcp-formation-liquidation	practice	exam	d	c
0.62	0.26	tcp-te-28	tcp-x2-18	tcp-trusts-estates	tcp-trusts-estates	practice	exam	d	b
0.62	0.26	tcp-sc-27	tcp-sc-29	tcp-stock-compensation	tcp-stock-compensation	practice	practice	a	c
0.62	0.26	far-seq-23	far-x2-25	far-equity	far-equity	practice	exam	c	b
0.62	0.24	tcp-cr2-03	reg-x3-14	reg-cost-recovery	reg-cost-recovery	practice	exam	d	c
0.62	0.24	far-fv-04	far-fv-27	far-fair-value	far-fair-value	practice	practice	c	c
0.62	0.22	reg-x2-09	reg-x2-28	reg-debtor-creditor	reg-debtor-creditor	exam	exam	a	c
0.62	0.22	reg-id-08	tcp-x3-03	reg-itemized-deductions	tcp-entity-choice	practice	exam	b	c
0.62	0.21	far-rec-17	far-rec-23	far-receivables	far-receivables	practice	practice	b	b
0.62	0.2	reg-cc-06	reg-sc-10	reg-c-corp-income	reg-s-corporations	practice	practice	d	a
0.62	0.19	reg-cc-02	reg-cc-21	reg-c-corp-income	reg-c-corp-income	practice	practice	c	c
0.62	0.15	aud-cash-01	aud-x3-17	aud-cash-investments	aud-cash-investments	practice	exam	d	a
0.62	0.11	reg-ag-18	reg-x2-02	reg-agency	reg-agency	practice	exam	a	d
0.62	0.1	tcp-te-05	tcp-te-34	tcp-trusts-estates	tcp-trusts-estates	practice	practice	d	b
0.61	0.5	far-tax-16	far-tax-23	far-income-taxes	far-income-taxes	practice	practice	b	c
0.61	0.45	reg-nt-06	reg-x3-15	reg-nontaxable-exchanges	reg-nontaxable-exchanges	practice	exam	b	d
0.61	0.44	far-x2-10	far-x2-29	far-impairment	far-impairment	exam	exam	d	b
0.61	0.38	reg-fl-chk1	tcp-x3-13	reg-corp-formation-liquidation	tcp-formation-liquidation	lesson	exam	d	d
0.61	0.38	far-dep-chk1	far-dep-16	far-depreciation	far-depreciation	lesson	practice	d	b
0.61	0.34	tcp-pd-19	tcp-pd-29	tcp-partnership-distributions	tcp-partnership-distributions	practice	practice	a	d
0.61	0.33	far-fv-15	far-bond-28	far-fair-value	far-bonds	practice	practice	d	d
0.61	0.32	far-seq-chk2	far-seq-12	far-equity	far-equity	lesson	practice	b	d
0.61	0.31	tcp-ec-30	reg-x4-15	tcp-entity-choice	reg-itemized-deductions	practice	exam	c	c
0.61	0.3	reg-slt-13	reg-slt-22	reg-state-local-tax	reg-state-local-tax	practice	practice	d	d
0.61	0.28	tcp-sc2-22	reg-sc-05	tcp-s-corp-compliance	reg-s-corporations	practice	practice	a	d
0.61	0.28	far-nfs-19	far-nfs-26	far-nfp-statements	far-nfp-statements	practice	practice	d	b
0.61	0.26	tcp-pa-11	tcp-x1-09	tcp-passive-rental	tcp-passive-rental	practice	exam	a	c
0.61	0.26	reg-bri-chk2	tcp-x1-09	reg-business-rental-income	tcp-passive-rental	lesson	exam	b	c
0.61	0.25	far-rat-15	far-rat-27	far-ratios	far-ratios	practice	practice	b	c
0.61	0.19	reg-fs-chk1	reg-fs-18	reg-filing-status	reg-filing-status	lesson	practice	d	d
0.61	0.15	tcp-pa-11	tcp-x1-31	tcp-passive-rental	tcp-passive-rental	practice	exam	a	c
0.61	0.15	reg-bri-chk2	tcp-x1-31	reg-business-rental-income	tcp-passive-rental	lesson	exam	b	c
0.6	0.56	reg-c230-36	reg-x1-13	reg-circular-230	reg-circular-230	practice	exam	c	a
0.6	0.56	reg-c230-01	reg-x1-13	reg-circular-230	reg-circular-230	practice	exam	c	a
0.6	0.56	aud-cash-10	aud-x3-18	aud-cash-investments	aud-cash-investments	practice	exam	a	a
0.6	0.5	tcp-ms-38	reg-slt-30	tcp-multistate	reg-state-local-tax	practice	practice	d	d
0.6	0.5	reg-id-03	reg-x4-14	reg-itemized-deductions	reg-itemized-deductions	practice	exam	d	a
0.6	0.5	aud-sp-01	aud-sp-22	aud-special-reports	aud-special-reports	practice	practice	c	a
0.6	0.48	tcp-dt-09	tcp-x4-18	tcp-deferral-transactions	tcp-deferral-transactions	practice	exam	c	b
0.6	0.48	tcp-dt-09	reg-nt-08	tcp-deferral-transactions	reg-nontaxable-exchanges	practice	practice	c	b
0.6	0.47	far-cont-21	far-cont-22	far-contingencies	far-contingencies	practice	practice	a	b
0.6	0.44	far-inv-22	far-x2-03	far-inventory-cost	far-inventory-cost	practice	exam	b	c
0.6	0.44	aud-ev-17	aud-x3-29	aud-evidence-assertions	aud-evidence-assertions	practice	exam	d	a
0.6	0.4	reg-pt-35	reg-x5-33	reg-partnerships	reg-partnerships	practice	exam	c	c
0.6	0.4	reg-dc-05	reg-dc-24	reg-debtor-creditor	reg-debtor-creditor	practice	practice	d	b
0.6	0.4	far-x1-12	far-x1-31	far-notes-disclosures	far-notes-disclosures	exam	exam	c	a
0.6	0.4	aud-inv-08	aud-pl-17	aud-inventory-ppe	aud-planning	practice	practice	d	b
0.6	0.38	reg-nt-26	reg-nt-36	reg-nontaxable-exchanges	reg-nontaxable-exchanges	practice	practice	a	b
0.6	0.38	far-imp-chk1	far-x2-10	far-impairment	far-impairment	lesson	exam	c	d
0.6	0.38	far-imp-13	far-imp-30	far-impairment	far-impairment	practice	practice	b	c
0.6	0.38	far-imp-13	far-imp-29	far-impairment	far-impairment	practice	practice	b	b
0.6	0.38	aud-x3-10	aud-x3-45	aud-data-analytics	aud-data-analytics	exam	exam	a	a
0.6	0.38	aud-rp-11	aud-rp-24	aud-report-paragraphs	aud-report-paragraphs	practice	practice	a	b
0.6	0.37	reg-cg-24	reg-cg-36	reg-capital-gains	reg-capital-gains	practice	practice	b	b
0.6	0.37	far-imp-05	far-imp-14	far-impairment	far-impairment	practice	practice	b	c
0.6	0.35	tcp-pd-23	tcp-pd-27	tcp-partnership-distributions	tcp-partnership-distributions	practice	practice	c	b
0.6	0.34	tcp-cr-22	tcp-cr-28	tcp-consolidated-returns	tcp-consolidated-returns	practice	practice	d	b
0.6	0.33	tcp-cc-11	reg-x5-04	tcp-c-corp-compliance	reg-c-corp-income	practice	exam	a	d
0.6	0.31	tcp-sc2-03	tcp-sc2-27	tcp-s-corp-compliance	tcp-s-corp-compliance	practice	practice	a	d
0.6	0.29	tcp-gt-33	tcp-x1-15	tcp-gift-tax	tcp-gift-tax	practice	exam	b	c
0.6	0.29	tcp-ad-18	tcp-ad-26	tcp-asset-dispositions	tcp-asset-dispositions	practice	practice	d	d
0.6	0.28	tcp-ms-01	reg-slt-23	tcp-multistate	reg-state-local-tax	practice	practice	d	a
0.6	0.27	tcp-te-19	tcp-te-38	tcp-trusts-estates	tcp-trusts-estates	practice	practice	d	b
0.6	0.27	tcp-eo-20	reg-cc-06	tcp-exempt-organizations	reg-c-corp-income	practice	practice	b	d
0.6	0.27	reg-bri-09	tcp-x1-09	reg-business-rental-income	tcp-passive-rental	practice	exam	d	c
0.6	0.27	aud-qm-08	aud-qm-22	aud-quality-management	aud-quality-management	practice	practice	a	a
0.6	0.23	reg-cc-29	reg-x5-04	reg-c-corp-income	reg-c-corp-income	practice	exam	c	d
0.6	0.22	tcp-cr-08	tcp-cr-44	tcp-consolidated-returns	tcp-consolidated-returns	practice	practice	d	b
0.6	0.2	tcp-po-28	reg-x5-33	tcp-partnership-operations	reg-partnerships	practice	exam	d	c
0.6	0.2	reg-gi-10	reg-gi-12	reg-gross-income	reg-gross-income	practice	practice	c	a
0.6	0.17	tcp-po-28	reg-pt-35	tcp-partnership-operations	reg-partnerships	practice	practice	d	c
0.6	0.17	reg-ct-02	reg-ct-31	reg-contracts	reg-contracts	practice	practice	d	d
0.59	0.55	far-inv-02	far-inv-03	far-inventory-cost	far-inventory-cost	practice	practice	d	a
0.59	0.39	far-scf-pre1	far-scf-14	far-cash-flows	far-cash-flows	lesson	practice	d	a
0.59	0.38	far-gov-24	far-x1-17	far-government	far-government	practice	exam	a	b
0.59	0.37	tcp-ms-02	tcp-ms-03	tcp-multistate	tcp-multistate	practice	practice	a	a
0.59	0.37	far-imp-22	far-x2-29	far-impairment	far-impairment	practice	exam	c	b
0.59	0.36	tcp-pd-22	tcp-pd-27	tcp-partnership-distributions	tcp-partnership-distributions	practice	practice	b	b
0.59	0.36	tcp-cr2-19	tcp-x4-08	reg-cost-recovery	reg-cost-recovery	practice	exam	d	b
0.59	0.36	tcp-cr-36	tcp-cc-43	tcp-consolidated-returns	tcp-c-corp-compliance	practice	practice	b	a
0.59	0.35	tcp-ip-31	tcp-x1-22	tcp-individual-planning	tcp-individual-planning	practice	exam	d	d
0.59	0.33	reg-cc-01	reg-x5-37	reg-c-corp-income	reg-c-corp-income	practice	exam	a	c
0.59	0.28	far-imp-pre1	far-imp-24	far-impairment	far-impairment	lesson	practice	b	a
0.59	0.28	far-imp-24	far-x2-29	far-impairment	far-impairment	practice	exam	a	b
0.59	0.26	far-iv-04	far-iv-17	far-inventory-valuation	far-inventory-valuation	practice	practice	b	b
0.59	0.25	far-iv-06	far-iv-25	far-inventory-valuation	far-inventory-valuation	practice	practice	a	a
0.59	0.18	aud-mo-chk1	aud-x4-20	aud-modified-opinions	aud-modified-opinions	lesson	exam	d	b
0.59	0.17	tcp-pa-29	tcp-x1-41	tcp-passive-rental	tcp-passive-rental	practice	exam	a	a
0.58	0.5	far-dep-21	far-dep-22	far-depreciation	far-depreciation	practice	practice	a	b
0.58	0.43	tcp-pd-12	tcp-x2-33	tcp-partnership-distributions	tcp-partnership-distributions	practice	exam	a	b
0.58	0.42	far-nfr-18	far-nfr-24	far-nfp-revenue	far-nfp-revenue	practice	practice	a	d
0.58	0.42	far-iso-23	far-bse-26	far-income-statement-oci	far-balance-sheet-equity	practice	practice	b	b
0.58	0.41	tcp-fl-27	reg-x5-09	tcp-formation-liquidation	tcp-formation-liquidation	practice	exam	b	a
0.58	0.39	tcp-gt-chk1	reg-te-pre1	tcp-gift-tax	reg-trusts-exempt	lesson	lesson	d	d
0.58	0.36	far-dep-21	far-dep-28	far-depreciation	far-depreciation	practice	practice	a	d
0.58	0.32	tcp-intl-09	tcp-x2-29	tcp-international	tcp-international	practice	exam	a	b
0.58	0.32	tcp-gt-10	tcp-x1-42	tcp-gift-tax	tcp-gift-tax	practice	exam	b	b
0.58	0.31	tcp-re-05	tcp-re-25	tcp-retirement-education	tcp-retirement-education	practice	practice	c	a
0.58	0.31	reg-ct-31	reg-x2-19	reg-contracts	reg-contracts	practice	exam	d	b
0.58	0.31	reg-cc-01	reg-x5-23	reg-c-corp-income	reg-c-corp-income	practice	exam	a	c
0.58	0.31	far-seq-chk2	far-x2-25	far-equity	far-equity	lesson	exam	b	b
0.58	0.31	far-eq-11	far-eq-23	far-equity-investments	far-equity-investments	practice	practice	a	c
0.58	0.31	aud-sa-22	aud-x3-05	aud-sampling	aud-sampling	practice	exam	d	a
0.58	0.29	reg-cr-chk2	reg-x4-31	reg-individual-credits	reg-individual-credits	lesson	exam	a	a
0.58	0.27	tcp-pa-08	reg-bri-chk2	tcp-passive-rental	reg-business-rental-income	practice	lesson	b	b
0.58	0.26	tcp-cr-10	tcp-cr-29	tcp-consolidated-returns	tcp-consolidated-returns	practice	practice	c	c
0.58	0.22	tcp-pd-16	tcp-x2-33	tcp-partnership-distributions	tcp-partnership-distributions	practice	exam	b	b
0.58	0.21	far-sec-18	far-sec-31	far-sec-segments	far-sec-segments	practice	practice	a	a
0.58	0.21	aud-coc-07	aud-x1-25	aud-code-of-conduct	aud-code-of-conduct	practice	exam	a	a
0.58	0.16	tcp-dt-11	reg-nt-04	tcp-deferral-transactions	reg-nontaxable-exchanges	practice	practice	d	c
0.58	0.15	tcp-ms-03	reg-slt-18	tcp-multistate	reg-state-local-tax	practice	practice	a	b
0.58	0.14	tcp-pa-chk1	tcp-x1-31	tcp-passive-rental	tcp-passive-rental	lesson	exam	a	c
0.58	0.14	reg-x4-09	tcp-x1-31	tcp-passive-rental	tcp-passive-rental	exam	exam	d	c
0.57	0.5	reg-pt-14	reg-x5-13	reg-partnerships	reg-partnerships	practice	exam	a	b
0.57	0.5	aud-ue-04	aud-x2-09	aud-understanding-entity	aud-understanding-entity	practice	exam	a	c
0.57	0.5	aud-rev-06	aud-x3-13	aud-revenue-receivables	aud-revenue-receivables	practice	exam	a	c
0.57	0.5	aud-ev-13	aud-x3-02	aud-evidence-assertions	aud-evidence-assertions	practice	exam	a	c
0.57	0.48	far-nd-12	aud-x3-51	far-notes-disclosures	aud-going-concern	practice	exam	a	c
0.57	0.43	far-x1-04	far-x1-20	far-income-statement-oci	far-income-statement-oci	exam	exam	d	b
0.57	0.43	aud-at-20	aud-at-23	aud-attestation	aud-attestation	practice	practice	a	c
0.57	0.42	reg-pb-09	reg-pb-27	reg-property-basis	reg-property-basis	practice	practice	d	d
0.57	0.38	aud-x4-07	aud-x4-21	aud-report-paragraphs	aud-report-paragraphs	exam	exam	a	c
0.57	0.38	aud-rm-chk2	aud-pl-22	aud-risk-materiality	aud-planning	lesson	practice	a	c
0.57	0.38	aud-itc-06	aud-itc-13	aud-it-controls	aud-it-controls	practice	practice	d	a
0.57	0.36	far-imp-05	far-imp-13	far-impairment	far-impairment	practice	practice	b	b
0.57	0.35	tcp-fl-21	reg-x5-09	tcp-formation-liquidation	tcp-formation-liquidation	practice	exam	c	a
0.57	0.35	reg-id-01	reg-x4-30	reg-itemized-deductions	reg-itemized-deductions	practice	exam	a	d
0.57	0.35	far-rat-chk1	far-x1-36	far-ratios	far-ratios	lesson	exam	c	b
0.57	0.33	tcp-pf-30	tcp-x2-07	tcp-partnership-formation	tcp-partnership-formation	practice	exam	c	b
0.57	0.33	aud-toc-15	aud-x3-30	aud-tests-of-controls	aud-sampling	practice	exam	b	b
0.57	0.31	reg-sc-03	tcp-x2-34	reg-s-corporations	tcp-s-corp-compliance	practice	exam	a	c
0.57	0.29	tcp-dt-26	tcp-x4-07	tcp-deferral-transactions	tcp-deferral-transactions	practice	exam	b	a
0.57	0.29	tcp-ad-30	reg-cg-07	tcp-asset-dispositions	reg-capital-gains	practice	practice	d	c
0.57	0.29	aud-ss-21	aud-ss-22	aud-ssars	aud-ssars	practice	practice	c	d
0.57	0.29	aud-pl-01	aud-da-06	aud-planning	aud-data-analytics	practice	practice	d	c
0.57	0.26	reg-fs-02	reg-fs-22	reg-filing-status	reg-filing-status	practice	practice	d	d
0.57	0.26	reg-cg-02	reg-cg-36	reg-capital-gains	reg-capital-gains	practice	practice	d	b
0.57	0.25	far-rat-10	far-rat-19	far-ratios	far-ratios	practice	practice	a	d
0.57	0.25	aud-gc-14	aud-gc-27	aud-going-concern	aud-going-concern	practice	practice	d	c
0.57	0.24	reg-x5-02	reg-x5-28	reg-c-corp-income	reg-c-corp-income	exam	exam	a	b
0.57	0.24	reg-adj-chk2	reg-adj-22	reg-adjustments	reg-adjustments	lesson	practice	b	d
0.57	0.23	far-bond-12	far-bond-24	far-bonds	far-bonds	practice	practice	a	d
0.57	0.22	reg-cr-chk2	reg-x4-17	reg-individual-credits	reg-individual-credits	lesson	exam	a	a
0.57	0.2	far-cash-17	far-cash-25	far-cash	far-cash	practice	practice	a	a
0.57	0.17	tcp-te-29	tcp-x2-18	tcp-trusts-estates	tcp-trusts-estates	practice	exam	a	b
0.57	0.17	reg-fs-chk2	reg-fs-17	reg-filing-status	reg-filing-status	lesson	practice	a	c
0.57	0.17	aud-toc-03	aud-toc-14	aud-tests-of-controls	aud-tests-of-controls	practice	practice	d	a
0.57	0.12	reg-sc-14	reg-sc-33	reg-s-corporations	reg-s-corporations	practice	practice	c	b
0.57	0.12	reg-ep-chk1	reg-ep-05	reg-corp-distributions	reg-corp-distributions	lesson	practice	c	c
0.57	0.1	far-chg-01	far-dep-06	far-accounting-changes	far-depreciation	practice	practice	d	c
0.56	0.5	aud-rm-pre1	aud-rm-23	aud-risk-materiality	aud-risk-materiality	lesson	practice	a	c
0.56	0.5	aud-pl-07	aud-x4-08	aud-planning	aud-communications	practice	exam	b	a
0.56	0.5	aud-cm-07	aud-cm-11	aud-communications	aud-communications	practice	practice	c	b
0.56	0.47	aud-ev-24	aud-x3-29	aud-evidence-assertions	aud-evidence-assertions	practice	exam	b	a
0.56	0.44	tcp-sc-31	tcp-sc-32	tcp-stock-compensation	tcp-stock-compensation	practice	practice	a	b
0.56	0.44	tcp-eo-18	tcp-eo-36	tcp-exempt-organizations	tcp-exempt-organizations	practice	practice	d	b
0.56	0.44	aud-ps-13	aud-ev-19	aud-professional-standards	aud-evidence-assertions	practice	practice	c	b
0.56	0.41	reg-bri-chk1	tcp-cr2-07	reg-business-rental-income	reg-cost-recovery	lesson	practice	b	d
0.56	0.38	tcp-cc-35	reg-cc-01	tcp-c-corp-compliance	reg-c-corp-income	practice	practice	a	a
0.56	0.35	far-rat-17	far-bse-22	far-ratios	far-balance-sheet-equity	practice	practice	b	b
0.56	0.33	tcp-sc2-27	tcp-po-04	tcp-s-corp-compliance	tcp-partnership-operations	practice	practice	d	a
0.56	0.33	tcp-po-22	tcp-po-40	tcp-partnership-operations	tcp-partnership-operations	practice	practice	d	d
0.56	0.33	tcp-eo-03	tcp-eo-28	tcp-exempt-organizations	tcp-exempt-organizations	practice	practice	a	b
0.56	0.33	reg-dc-24	reg-x2-28	reg-debtor-creditor	reg-debtor-creditor	practice	exam	b	c
0.56	0.33	reg-dc-05	reg-x2-28	reg-debtor-creditor	reg-debtor-creditor	practice	exam	d	c
0.56	0.33	aud-ss-13	aud-ss-15	aud-ssars	aud-ssars	practice	practice	d	b
0.56	0.33	aud-ps-14	aud-ps-25	aud-professional-standards	aud-professional-standards	practice	practice	d	a
0.56	0.33	aud-fr-chk2	aud-fr-23	aud-fraud-risk	aud-fraud-risk	lesson	practice	a	d
0.56	0.33	aud-cash-02	aud-x3-48	aud-cash-investments	aud-cash-investments	practice	exam	d	d
0.56	0.32	tcp-ip-07	tcp-x1-04	tcp-individual-planning	tcp-individual-planning	practice	exam	a	d
0.56	0.32	reg-ot-04	tcp-x1-04	reg-amt-other-taxes	tcp-individual-planning	practice	exam	d	d
0.56	0.31	tcp-cc-11	reg-x5-24	tcp-c-corp-compliance	reg-c-corp-income	practice	exam	a	a
0.56	0.29	tcp-pf-01	tcp-x2-31	tcp-partnership-formation	tcp-partnership-formation	practice	exam	d	d
0.56	0.29	tcp-cc-34	reg-cc-01	tcp-c-corp-compliance	reg-c-corp-income	practice	practice	d	a
0.56	0.29	tcp-cc-11	reg-cc-03	tcp-c-corp-compliance	reg-c-corp-income	practice	practice	a	d
0.56	0.27	tcp-cc-34	reg-cc-02	tcp-c-corp-compliance	reg-c-corp-income	practice	practice	d	c
0.56	0.26	tcp-re-16	tcp-x1-17	tcp-retirement-education	tcp-retirement-education	practice	exam	b	c
0.56	0.26	tcp-re-01	tcp-re-16	tcp-retirement-education	tcp-retirement-education	practice	practice	c	b
0.56	0.26	far-nd-17	aud-x3-54	far-notes-disclosures	aud-going-concern	practice	exam	c	b
0.56	0.25	reg-cc-03	reg-cc-29	reg-c-corp-income	reg-c-corp-income	practice	practice	d	c
0.56	0.24	far-eps-18	far-x1-22	far-eps	far-eps	practice	exam	d	d
0.56	0.23	tcp-re-28	reg-adj-09	tcp-retirement-education	reg-adjustments	practice	practice	d	d
0.56	0.23	tcp-cc-34	reg-cc-21	tcp-c-corp-compliance	reg-c-corp-income	practice	practice	d	c
0.56	0.23	reg-x3-06	tcp-x4-14	tcp-deferral-transactions	tcp-deferral-transactions	exam	exam	b	b
0.56	0.23	reg-nt-chk1	reg-nt-10	reg-nontaxable-exchanges	reg-nontaxable-exchanges	lesson	practice	a	c
0.56	0.22	reg-cg-chk2	reg-cg-10	reg-capital-gains	reg-capital-gains	lesson	practice	a	d
0.56	0.22	reg-cc-29	reg-x5-24	reg-c-corp-income	reg-c-corp-income	practice	exam	c	a
0.56	0.21	tcp-po-33	reg-pt-02	tcp-partnership-operations	reg-partnerships	practice	practice	a	a
0.56	0.21	tcp-pd-29	tcp-pd-30	tcp-partnership-distributions	tcp-partnership-distributions	practice	practice	d	a
0.56	0.21	reg-pen-chk2	reg-pen-13	reg-preparer-penalties	reg-preparer-penalties	lesson	practice	a	c
0.56	0.2	tcp-po-26	tcp-pf-11	tcp-partnership-operations	tcp-partnership-formation	practice	practice	b	b
0.56	0.2	tcp-po-26	reg-cc-06	tcp-partnership-operations	reg-c-corp-income	practice	practice	b	d
0.56	0.2	tcp-pf-11	reg-pt-08	tcp-partnership-formation	reg-partnerships	practice	practice	b	a
0.56	0.2	tcp-cr-24	tcp-cr-25	tcp-consolidated-returns	tcp-consolidated-returns	practice	practice	b	c
0.56	0.2	reg-pt-08	reg-cc-06	reg-partnerships	reg-c-corp-income	practice	practice	a	d
0.56	0.2	reg-ot-16	tcp-x1-02	reg-amt-other-taxes	tcp-individual-planning	practice	exam	a	d
0.56	0.2	far-nfs-05	far-nfs-28	far-nfp-statements	far-nfp-statements	practice	practice	b	d
0.56	0.2	aud-mo-23	aud-x4-20	aud-modified-opinions	aud-modified-opinions	practice	exam	a	b
0.56	0.2	aud-gc-04	aud-x3-26	aud-going-concern	aud-going-concern	practice	exam	d	c
0.56	0.2	aud-ea-21	aud-x1-23	aud-engagement-acceptance	aud-engagement-acceptance	practice	exam	d	c
0.56	0.19	tcp-pa-15	tcp-pa-37	tcp-passive-rental	tcp-passive-rental	practice	practice	a	a
0.56	0.19	reg-c230-10	reg-x1-03	reg-circular-230	reg-circular-230	practice	exam	a	d
0.56	0.18	tcp-cc-29	reg-sc-10	tcp-c-corp-compliance	reg-s-corporations	practice	practice	c	a
0.56	0.18	far-iso-19	far-iso-22	far-income-statement-oci	far-income-statement-oci	practice	practice	c	a
0.56	0.17	tcp-pd-chk2	tcp-pd-13	tcp-partnership-distributions	tcp-partnership-distributions	lesson	practice	c	b
0.56	0.17	aud-rm-chk2	aud-rm-16	aud-risk-materiality	aud-risk-materiality	lesson	practice	a	b
0.56	0.15	far-cash-02	far-cash-18	far-cash	far-cash	practice	practice	c	b
0.56	0.14	tcp-pd-chk2	tcp-pd-12	tcp-partnership-distributions	tcp-partnership-distributions	lesson	practice	c	a
0.56	0.12	reg-x1-06	reg-x1-15	reg-preparer-penalties	reg-preparer-penalties	exam	exam	a	c
0.56	0.09	aud-wr-pre1	aud-x3-52	aud-written-representations	aud-written-representations	lesson	exam	d	d
0.55	0.5	aud-at-12	aud-at-17	aud-attestation	aud-attestation	practice	practice	b	b
0.55	0.39	tcp-fl-35	tcp-x3-17	tcp-formation-liquidation	tcp-formation-liquidation	practice	exam	b	d
0.55	0.32	reg-pen-chk1	reg-pen-22	reg-preparer-penalties	reg-preparer-penalties	lesson	practice	a	b
0.55	0.3	far-ppe-23	far-x2-21	far-ppe-acquisition	far-ppe-acquisition	practice	exam	c	b
0.55	0.27	far-dsec-18	far-dsec-27	far-debt-securities	far-debt-securities	practice	practice	c	c
0.55	0.25	tcp-ad-12	tcp-ad-31	tcp-asset-dispositions	tcp-asset-dispositions	practice	practice	a	a
0.55	0.19	reg-x4-17	reg-x4-31	reg-individual-credits	reg-individual-credits	exam	exam	a	a
0.54	0.5	far-rat-22	far-x1-36	far-ratios	far-ratios	practice	exam	b	b
0.5	0.5	reg-cr-11	reg-cr-31	reg-individual-credits	reg-individual-credits	practice	practice	a	b
0.5	0.45	aud-sp-10	aud-x4-17	aud-special-reports	aud-special-reports	practice	exam	b	c
0.5	0.45	aud-cm-07	aud-cm-16	aud-communications	aud-communications	practice	practice	c	d
